Image File Names,garbage
0526-4,0526-4.jpg
140017,140017.jpg
140041,140041.jpg
140041,140041.jpg
7152,7152.jpg
9052C,9052C.jpg
9060C,9060C.jpg
P526S,P526S.jpg
P526S,P526S.jpg
P526S,P526S.jpg
0526-4,0526-4.jpg
140017,140017.jpg
140041,140041.jpg
140041,140041.jpg
7152,7152.jpg
9052C,9052C.jpg
9060C,9060C.jpg
P526S,P526S.jpg
P526S,P526S.jpg
P526S,P526S.jpg
0526-4,0526-4.jpg
140017,140017.jpg
140041,140041.jpg
140041,140041.jpg
7152,7152.jpg
9052C,9052C.jpg
9060C,9060C.jpg
P526S,P526S.jpg
P526S,P526S.jpg
P526S,P526S.jpg
140043,140043.jpg
140043-8,140043-8.jpg
9059C,9059C.jpg
140043,140043.jpg
140043-8,140043-8.jpg
9059C,9059C.jpg
140042,140042.jpg
140043,140043.jpg
140043,140043.jpg
140043-8,140043-8.jpg
140043-8,140043-8.jpg
140042,140042.jpg
140043,140043.jpg
140043,140043.jpg
140043-8,140043-8.jpg
140043-8,140043-8.jpg
