Product Num,Image File Names
25027,25027.jpg
6910131,6910131.jpg
6910061,6910061.jpg
6910021,6910021.jpg
6910031,6910031.jpg
6910121,6910121.jpg
6910141,6910141.jpg
6910081,6910081.jpg
6910063,6910063.jpg
6910132,6910132.jpg
6910062,6910062.jpg
6910022,6910022.jpg
6910032,6910032.jpg
6910122,6910122.jpg
6910142,6910142.jpg
6910082,6910082.jpg
6910101,6910101.jpg
19027B,19027B.jpg
6910011,6910011.jpg
19027,19027.jpg
6910012,6910012.jpg
20027b,20027b.jpg
21027B,21027B.jpg
20027,20027.jpg
21027,21027.jpg
66027,66027.jpg
120271,120271.jpg
120272,120272.jpg
12028,12028.jpg
54027,54027.jpg
54028,54028.jpg
54029,54029.jpg
51027,51027.jpg
51028,51028.jpg
51029,51029.jpg
110271,110271.jpg
110272,110272.jpg
110281,110281.jpg
110282,110282.jpg
25027B,25027B.jpg
67027,67027.jpg
55027,55027.jpg
52027,52027.jpg
25028B,25028B.jpg
25028,25028.jpg
67028,67028.jpg
55028,55028.jpg
55029,55029.jpg
54026,54026.jpg
52028,52028.jpg
52029,52029.jpg
51026,51026.jpg
